x1,x2,label
-0.1385234304379497,0.26523716360800137,1
-0.968404878770772,0.11316315813372717,0
0.2367122400692957,-0.1733968125835168,1
-0.8116432101298103,0.5542760377872187,0
-0.1989328276846431,-0.27038897035797177,1
0.1562865006930383,-0.9738417435175094,0
0.04187996382212046,-0.2809827368307136,1
-0.234075069268132,-0.14475642149784812,1
-0.27915329381024856,0.06444751410057455,1
0.6777068447254445,-0.7471536741811885,0
-0.11031642428444113,0.332666475916741,1
-0.3059735909635604,-0.06299501277319786,1
0.23690950196233204,0.20561035838652367,1
0.3392661048637714,0.104431654304317,1
-0.8174875761231151,0.5664840990969573,0
0.2694949165160713,-1.0495648140565847,0
0.18817771302013914,0.2536768616246788,1
-0.9517849323685643,-0.27611351414934726,0
-0.9354595052839583,0.34933680672086115,0
-0.4900470062659255,0.8676643347174068,0
-0.1595283266954398,0.2055937907115666,1
0.2972496191943019,0.03045187587659827,1
0.018101721084598073,-0.2928911688056429,1
-0.07024511228169014,-0.26161580241796656,1
0.2926071500699811,0.19002131496192634,1
-0.007797126762782403,0.2934043184970543,1
-0.556345415179456,0.8060121948573069,0
0.2727516407949819,0.9423968320967548,0
0.35886245674518913,0.907577596867593,0
-0.9275324468001211,-0.04892155737455996,0
0.4070805128934966,0.930637571027046,0
-0.009914966138628432,-0.2892187748666321,1
0.39154812548831536,0.844429336656185,0
-0.09142288202958958,0.19484881589339711,1
0.5568286456708167,0.8297690521016335,0
0.029429851610197545,-0.27544895594177765,1
-0.04785173955217243,0.282157140320302,1
0.24216125961280865,-0.09446284760147491,1
-0.24460585381671707,-0.05280197488805435,1
-0.26930452022225093,0.14441919692067132,1
-0.34976415137625194,0.11586499873520821,1
-0.23264561516442206,-0.1704789849984286,1
-0.9525215552536141,-0.2974741355044185,0
-0.21131846486504552,0.2596553580862287,1
-0.20655854943614296,-0.2027641617249829,1
0.9825253087307356,-0.04349292867829882,0
0.1389748868262583,0.33919320937990266,1
0.06606769405494796,-0.31830829636777336,1
0.11479842618557555,-0.28852366307064503,1
-0.9957867662800095,0.06479877750521386,0
-0.06852882200835542,0.2789338082152699,1
0.29545914374520227,-0.04887222563980764,1
0.1465467675073756,-0.30897421650044365,1
0.26653481472028473,-0.1766179873310608,1
-0.03455299293489014,0.9813919311504311,0
-1.0056808667851926,0.054313806250125066,0
0.9785656522339177,0.4132008485723928,0
0.7831483757961263,-0.5794157848470212,0
-0.545033496554271,-0.8593901572362995,0
-0.3133949440447747,-0.07350250763811328,1
-1.0299668444060681,-0.031331664996654476,0
0.1433343572413716,-0.3185376024487463,1
0.2866543649083677,0.0028548825752882923,1
-0.031731938932413904,0.31338738395002314,1
0.27572813020464737,-0.15438539079687072,1
-0.09566369358848845,0.29233468845799765,1
0.1729447541382895,0.1821481559658309,1
-0.3969869348461352,0.9141371084312185,0
0.20086468926934584,-0.9479939236831423,0
-0.06286127533831579,-0.30741269722559383,1
-0.8967901642193171,-0.4451727967606284,0
-0.41194446825448194,0.9061180886253785,0
-0.18472580713162493,-0.961244110512696,0
0.26893094273687107,-0.9415387490175388,0
0.6174700682867629,-0.7990238398898287,0
0.9515585059386481,-0.2849812569237476,0
0.036872330853341975,-0.9927782125396312,0
0.017909392351217048,-0.32687497252003905,1
0.9363336815076669,-0.3519547786095817,0
-0.05204084902558602,0.2992716624137175,1
-0.23732888484440967,0.1492036291963577,1
-0.2625045768510721,-0.07015800632653887,1
-0.19339613166553934,0.2822237614674912,1
0.9946863406105101,-0.13500327139140827,0
0.08887119623261751,-0.2676682878697312,1
0.8118057050296555,0.6338425748489701,0
0.5428003709268114,0.8213314636683493,0
0.31094447301431155,0.07137422822240803,1
0.15416263022934548,0.22939909636641026,1
0.9461645356719848,-0.32182707299480773,0
-0.2785657995173437,-0.15239834869142957,1
0.24845912263254966,0.1678347760625345,1
-0.001037531165784207,0.329848569301495,1
-0.008114906206554206,0.28070416989991015,1
-0.1554774300095328,0.2663889207575099,1
-0.8431742590377078,0.4930026014881612,0
0.8768496699399508,-0.42942274832207894,0
-0.17521823354703867,0.24096288892971893,1
-0.13689126596626583,-0.3032109150627639,1
-0.21563209443700243,0.18857819272478946,1
-0.7115498917632788,-0.7858340459964889,0
-0.13091045908814963,-0.28814363173473856,1
0.21118581008021975,-0.10382925100275242,1
0.1179473970125769,-0.2862002262406735,1
0.1445131385691795,0.2667345803488641,1
-0.34260546120660695,-0.9326587946364574,0
-0.04345351022136146,-0.2508328878950195,1
-0.30611166599790735,-0.18630457141913032,1
-0.17176280788807732,0.22671682797775394,1
-0.4986109153379811,0.885600156848997,0
-0.12049447281031384,0.28125548521805055,1
-0.6851424401320018,0.8243768095351488,0
-0.2806441968808778,0.03164456530542511,1
-0.709423824654942,-0.7052526975071733,0
-0.2511548935355158,-0.036442106461312476,1
-0.26023424949417473,0.1660010099397162,1
0.7485618060607664,0.7505056702488455,0
0.5682912166172756,-0.8436709163211766,0
0.9523198213435781,0.24470710943986138,0
-0.783032829847297,0.6293622434506109,0
0.29637835852402894,-0.055309709190533025,1
-0.21399411081252445,-0.2747254488743664,1
0.18789704398039114,0.2078941537530653,1
0.9672158569738741,-0.1290937577125363,0
0.06075219032510497,0.2687823219829763,1
-0.24374364358032108,0.0965721008173242,1
0.1797270637757366,0.9928135519228352,0
0.5172518436561979,-0.8314617636632805,0
-0.22700263204708168,0.1415760578381452,1
0.3305688350788389,-0.9829355688815697,0
-0.23179678860004177,-0.2364820400491719,1
0.9457263940376598,0.3029875688692609,0
0.2645786706948564,-0.05953243298701211,1
-0.16303647456941284,-0.27744529218695435,1
0.9954842048547822,-0.29354791700394955,0
0.3359013488637598,-0.049097401563381875,1
-0.24399076961428587,0.18946948806548947,1
-0.8663029459878253,0.4697479432100694,0
0.8929349969605112,-0.5206886837766459,0
-0.8622263476689399,0.43423995383511377,0
-0.22915939580979608,0.06200521860715779,1
0.17275340480160445,-0.2153239576271855,1
0.18478640979179012,0.23957812558004554,1
-0.9292586696051819,0.4027291342214513,0
0.27882224217294843,-0.12242952178192246,1
-0.2890456876692325,0.05620383334947113,1
0.07061201050588303,0.28476142080534494,1
-0.2386969743092462,0.21206240025531392,1
0.21031582890499598,-0.18983636883734092,1
0.9297879163722031,-0.4616959101056157,0
-0.1361139558303136,0.2694715732725421,1
-0.17295382807343448,-0.26694324408850795,1
0.026505190921414613,0.28039513230911556,1
-0.2569896933451047,0.08211467558116009,1
-0.056025058226789326,-0.32463269173606235,1
0.309452147733206,-0.12713373219257879,1
0.11652031172530235,-0.2895351405322086,1
-0.1353851406625731,0.950472901868249,0
0.46728496154542776,-0.8964157725916333,0
-0.9614946430628382,0.35497741831774987,0
-0.8596603536498789,-0.4603256356114163,0
0.6855381839573991,-0.7465154738508565,0
0.23549236917721708,-0.16609629571756077,1
-0.9149504118553271,-0.43801699359222857,0
-0.43206243574537756,-0.8898627675475289,0
-0.25727146920182786,-0.13113747746773918,1
-0.2770231031182066,0.14170701067231486,1
0.21740644761747893,0.1663066486461884,1
0.5520296229140162,0.8167953148361392,0
-0.29867508141689075,-0.00952357225446121,1
-0.2122121303986662,-0.9034019041111414,0
-0.919824049103648,0.5013479149132963,0
0.2803887030153897,0.01930570509757166,1
-0.7412017550335901,0.6696041926140632,0
-0.022729249567993794,-0.29530391852027704,1
0.03287075765526723,0.2774488551784269,1
-0.2599484094374302,-0.09278243568814966,1
-0.1012508986802072,0.24358664527141538,1
-0.25899112771336563,0.10007962515408711,1
-0.9721495522587272,-0.2387288160282165,0
-0.25566591071314404,0.1632927541153124,1
0.0755462508437808,0.29443010921003265,1
-0.011105714773174999,-0.2913801891314825,1
0.26717125391427016,0.19388654542038788,1
-0.07331611471525111,0.20352615632802878,1
-0.12207180926466628,-0.3038105956156146,1
-0.2620300026221732,-0.21744559652123585,1
-0.45187714098771,-0.88787958156518,0
-0.13022533704420175,-0.24565511677228535,1
0.026274829455873304,0.337351263849312,1
0.28144057585156906,0.9943855519133891,0
-0.20100602050835803,-0.252687700121479,1
0.16740442455283516,-0.35978972294011635,1
-0.07759791876031008,0.2821427613941182,1
-0.7808154562185049,-0.5961680247792361,0
0.01925942942790604,-0.23629788733133036,1
0.1469610805524063,0.23025948581912475,1
-0.6998192377652053,-0.7220287929982037,0
-0.15196386501700337,-0.257987459459346,1
-0.30875176727491777,-0.08048952677354719,1
0.07682146105918583,0.29506339899421624,1
-0.28957178690749336,0.0605930235590264,1
-0.29567447429805704,-0.12950326109303775,1
-0.012803522204224673,-1.0149081426645932,0
-0.9526397493413844,-0.1585202333416705,0
-0.2959259843206596,0.13327147371378817,1
-0.1389338905923149,-0.287127361103908,1
-0.12789315366888776,0.2500521866517565,1
-0.05911911702138603,-1.0043298308880506,0
-0.06189903955276331,-0.277428796746492,1
0.03059400254591744,0.30000311919368433,1
-0.2166065227007334,0.2163388716060334,1
-0.24465274618683175,0.061592584039950604,1
0.024259243507513965,0.3083434026428979,1
-0.8919384305645286,-0.37789233868357147,0
-0.1565624578759386,-0.21359864798066183,1
-0.9267159313414686,0.4480581494503034,0
-0.12052318413355545,-0.2878395456321349,1
0.11431142109524077,-0.2464260642369047,1
0.08359799743464313,0.9688001665455054,0
0.1269357937068478,-0.2655424789582648,1
0.1438309826086942,-1.0305363951252238,0
0.14924613593367775,0.275753525124778,1
0.23393312512957318,0.11912774698844414,1
0.307173926389369,0.0611840438748541,1
0.30153742918381826,0.19156533166023437,1
-0.25240636651169424,0.9298796772622973,0
0.22606896284713035,-0.12547836947119395,1
0.28577641399270304,-0.13395396301759366,1
-0.25543883013168295,-0.15261607731576837,1
-0.06339476859115475,1.0297488807679949,0
-0.052092808284077245,0.9897052682466311,0
0.7506486615307003,0.6415074916921967,0
0.09739799443038547,0.26150002699768066,1
0.9603707079528646,-0.30914870361972696,0
0.24423631927852102,0.030235016381674466,1
0.06565723070744926,0.2805988128870121,1
0.15138130247244658,-0.2733440562659821,1
0.2727189272517276,0.1794826415234645,1
0.061779179054663555,-0.30932797396353684,1
1.0319500897237133,0.11341739959137231,0
0.9535442258249034,-0.49709056877896757,0
0.11592193335954562,0.26156408570812206,1
0.2920651943746812,0.16260778901474787,1
-0.042309679331637935,-0.24665805749421651,1
-0.10947462958476332,0.2407710725892861,1
0.2773613107187705,0.08844982700294654,1
-0.2823902067674736,-0.11833963398295103,1
-1.0342932056316818,0.19662409174992398,0
-0.9966179135352626,-0.12234160900894789,0
-0.15227013368225548,-0.16333723415707946,1
-0.22372639333592714,0.16431667783247667,1
0.7825010299658266,0.6555539069489257,0
-0.020541079975259266,-0.29005202049252027,1
-0.0920946079310479,0.2942731603551886,1
0.48804597648829046,0.8580229092788658,0
-0.9621877717907642,-0.11954211525669149,0
-0.2747841503567565,-0.03608724034613947,1
-0.9211090771223025,0.2970512981669859,0
-0.2680514044019541,-0.16662831776719506,1
-0.04247867315026722,-0.30040908988735515,1
-0.9759227103721552,-0.11212623929355701,0
0.09316000052711271,-0.3200231743175771,1
-0.27676991869211587,-0.07521939441435513,1
0.48331851379255997,-0.8129657879997427,0
0.03299379279992154,0.29578595427913557,1
-0.036926517338976755,0.2896901071343193,1
0.5362850505013546,0.8362974170913913,0
0.04154305816998444,-0.3394958334510736,1
0.43864189924456426,-0.9260349284809012,0
1.007143828728354,0.21378428180153888,0
-0.26554999385013517,0.16597847021509426,1
-0.3355125561541497,-0.03985108977725191,1
-0.22004831891769006,-0.2507149196355184,1
0.20905139576333892,0.22997395380710878,1
-0.23698768165651327,0.10022211574739692,1
0.14973352876087054,-0.2649838078813744,1
0.07627490474246078,0.29983381242277296,1
0.262594831682373,0.13895075653871863,1
-0.7312902227561765,0.7038423129759274,0
0.2468292874100151,0.2174231129412918,1
-0.416695228057896,0.933366060623831,0
0.21267658639271775,-0.22751103198761263,1
0.3467433930749246,0.92872590728421,0
0.2738751994417496,-0.006571441311036206,1
-0.8468271361832991,-0.482338977827536,0
0.25851822836802096,-0.14964562718413124,1
0.1269668725871344,0.966574029842997,0
0.02819259297717641,0.36283243596709525,1
0.17137751299407067,0.2642473300446784,1
0.18759135915687725,0.9633195906980324,0
0.13123009662242055,0.2986501364800509,1
0.2557653558357532,-0.16261906005375174,1
0.19816267166221302,0.16728133738771195,1
-0.026555522457615815,0.3171584516646223,1
-0.01589228791543334,-0.3128440438542335,1
-0.3033427842244655,-0.06024909599440652,1
0.8287446708849951,0.5895916340392886,0
0.2338039037019024,-0.17993961350850324,1
-0.35865305777382306,-0.9335905261431551,0
-0.06940726714886049,0.3147636982514512,1
0.07027775623330659,1.0024641740076101,0
-0.7015129353392298,-0.6731530465719038,0
-0.31001703703782835,0.05074964703373655,1
-0.6807283196234142,-0.7414669066654699,0
0.9997251461455787,-0.1621308727918415,0
-0.7355142937294711,-0.7521025383448041,0
0.15537010713552682,0.26773577195766435,1
-0.08263491343677885,-0.276104778213012,1
-0.1054246891678987,0.2661629004560222,1
0.16997165173589363,0.2878701280400499,1
-0.30885240031545114,0.16615105790353213,1
-0.16520098958091986,-0.20231984601092065,1
0.05713809084184849,-0.28511126903441386,1
0.23262791998053706,1.001469780276227,0
-0.1585385662119197,-0.21025969407674414,1
0.22450905698087195,0.245358450118863,1
-0.47447734982485446,-0.9061478530200316,0
-0.11857698865041746,0.30461704215139196,1
-0.2427846234659564,-0.14881363380965004,1
-0.07081682364819032,0.2790100220633915,1
-0.3211265760412773,-0.014134450509471702,1
0.8048484088990872,0.5526428183918866,0
-0.25017817882074145,0.16627018327666462,1
0.19295547756598871,-0.2306618865776373,1
-0.09032480520943297,-0.24581312256735105,1
0.9103361075534347,0.4766370127342835,0
-0.1637735214054645,-0.2787874290371696,1
0.2458662669660795,0.23928169401139085,1
0.3646426688371993,-0.03835507409509735,1
0.03996143286478318,-0.27610929500604164,1
-0.5724228443825059,0.7852158775113091,0
-0.31952307654309364,-0.09945561118267107,1
0.2157374376333453,-0.2260036495101958,1
-0.20399201765859737,-0.17317764583660913,1
0.7548841342909611,-0.6182104207869628,0
-0.08282653352962524,-0.30267726302736664,1
-0.14343334813106098,0.2884417140118485,1
0.763762479176805,-0.7155713843674615,0
-0.13531569035540655,-0.3312498821733951,1
0.07277991345774087,0.3320536172039431,1
-0.0742137733906372,0.3511600352408377,1
0.2609679797741085,-0.08221345252040337,1
-0.2517775925270532,0.22719309114776357,1
0.16594191983547513,-1.0204852695788813,0
0.2683074475389219,-0.06916985977350198,1
-0.16808003142416997,-0.24666287418148056,1
-0.10474769491172192,1.0320603776894086,0
-0.289320156858102,0.17778862643141183,1
-0.22226713563754186,0.9470476397345171,0
-0.2501546070666143,0.15640787635459932,1
0.1412219402848953,-0.25294763358391553,1
0.2627600006221074,-0.07633600493672904,1
0.9285242769119421,0.3493019694211195,0
0.182698137147228,-0.18119098001500394,1
-0.24766551866837977,-0.18030907318380648,1
0.2702020548040014,-0.1260494464388945,1
-0.06911279978751692,-0.2308632959799021,1
-0.17547359959208797,0.2248271887831476,1
-1.0080183605813786,-0.27706532482164714,0
-0.0771211637192359,-0.29312995063314373,1
0.7571040681341497,0.635843549052004,0
-0.25164688702314064,-1.0045697378444245,0
0.8408097773234195,-0.5659049003582861,0
0.22324861968775264,-0.23572625339550626,1
-0.8151951121768007,0.4614370994168014,0
0.17372371206505313,0.27331143456369605,1
0.282187832165285,0.118587219414095,1
-0.08545760943622015,-0.2637955319114227,1
-0.28463158415752343,-0.026812130951158426,1
-0.247760171480601,0.16927723291576136,1
-0.24894349690357132,0.2021543481662527,1
0.9359928481470017,-0.2804030474667302,0
-0.3184276064053256,-0.05413714000366831,1
0.2780956955117652,0.006369644720012606,1
0.3593078001282489,-0.9304205467600493,0
0.3464318685537267,0.03727524417887646,1
-0.5306809422988833,0.8856403798729975,0
-1.0140521453239366,0.22726383059103542,0
-0.7404622088395693,0.6488221762526442,0
0.33048682350019115,-0.0628627523024925,1
-0.5044513439820726,-0.8888004572220821,0
-0.32416330797598497,-0.007840918328530282,1
0.024769342923192376,-0.984520312808786,0
0.15260582986808643,-0.2697883808897913,1
-0.04138557242510433,-0.29978567302037196,1
-0.639844432871609,0.823485378116767,0
0.078594594796724,0.3300881082158541,1
0.1963993229360476,0.19641507562077495,1
0.23160104223560152,0.055355879036387945,1
0.04781577332342982,0.2980690851606423,1
-0.9444019886054533,-0.35501512365741106,0
0.30848643069933096,-0.042534977758541655,1
0.276188691543865,0.12760432113852865,1
-0.007733787443066759,0.3109312399960712,1
0.15456531657602848,0.9609590223947073,0
-0.17285532541280052,-0.21881751674049038,1
-0.22512871253824351,0.2103583670512875,1
-0.614315207189044,0.7851632735040004,0
-0.13729806625339916,-0.31403405384478833,1
-0.29934703162437787,-0.08346022190859165,1
0.2919630774114096,0.14439987863783552,1
-0.0033792097852051,0.3170855881024673,1
-0.9762381592208784,-0.33842910997686504,0
0.0240245554313452,0.32710797693966537,1
-0.16393460295784462,0.22231270612017937,1
0.2941649638616872,0.14822892857758727,1
0.05222333803554033,-0.2778402952261284,1
0.24080654709513377,-0.16694512566655612,1
-0.049647192662128525,-0.26472355451191915,1
-0.10163020062578719,0.21842086003787708,1
0.1035403272577982,0.27954814749870754,1
0.09913423738483682,0.3041422247816124,1
0.8130166458240975,0.5156473067204539,0
0.05903148015826222,0.24650703008366437,1
-0.5698784072524513,-0.821618248605185,0
0.17349197400879102,-0.2009426599367301,1
0.09282367661897009,0.2686834465902072,1
0.18653153609066372,0.2363372539383906,1
0.23990898407101996,-0.23606956837257995,1
-1.0274187414969955,-0.1034136109453093,0
0.10510302765210823,0.2870213426163214,1
-0.2951828114905452,-0.08392594325395358,1
0.2701473612686966,-0.10750397750080701,1
1.0067430590541928,-0.2648339261012518,0
-0.27805633933975266,0.07182995416588045,1
0.19998898774717894,0.22074443332977464,1
-0.21010985121345865,-0.2049392497181064,1
0.2893884170363056,0.04570533916187986,1
-0.20141848322002562,0.20422694968456695,1
-0.7811556134662724,0.656099291359555,0
-0.24191181461309086,-0.17947736408618592,1
-0.2469059605365172,-0.27956371589045814,1
0.12997233875109457,-0.30841083841127265,1
-0.6349043578159463,0.8035417468342286,0
0.3577216733397898,-0.9153167344937809,0
0.9892913066641996,0.0912497361063857,0
0.2815115065893698,0.07496526816640138,1
0.11010391966444678,0.2386147498031222,1
-0.29906036458825047,-0.10529645939562075,1
-0.1665950012358033,0.18611288000410653,1
0.2151831150071114,-0.19708502006414053,1
-0.26340798789634556,-0.19084317963052555,1
-0.872701433606142,-0.5310804898479734,0
-0.2584667939331593,0.07690973570132867,1
0.9130622018270765,0.49987766399523,0
0.18221931104571248,0.24414306560438692,1
-0.2026757929289422,-0.23396313468509838,1
0.32962537236070744,0.015545625170416136,1
-0.2957349048389931,0.027639360914795963,1
0.2426537184815384,0.12212443966063302,1
0.21961928621646076,0.19171917775117522,1
0.019441960789432736,0.2749721078363209,1
0.28388939654625317,0.14613444357552693,1
0.06735942203925989,-1.0163006319557581,0
-0.28897135802999424,-0.10829134972058652,1
0.2898774923323535,-0.13172986402201797,1
0.20998083209385937,-0.9816978446102236,0
-0.9076812600775115,-0.4288694920154729,0
-0.4826357037325296,0.9081572453312404,0
-0.9806322467983825,0.06980671056784968,0
0.03666521059651664,-0.3125449918550497,1
-0.944768494943647,0.34939819173569203,0
-0.47944252810924637,0.8769986072936069,0
-0.24463990396881924,-0.025209674622351703,1
0.2449608564532175,-0.15038920797527938,1
-0.2442262844874063,-0.9187458034820801,0
-0.16655250330043583,-0.21238647081935233,1
0.21917951343629619,-0.10190698808441565,1
-0.7723072317119826,0.6387186344910406,0
-0.273680018685718,-0.028248972652605498,1
-0.31891070276200517,0.9317226543911151,0
0.9706294106731842,0.1472735900912323,0
0.16339099023532958,-0.257989098672355,1
0.21251782580608838,-0.20178534518021068,1
0.3308937475192985,0.10466102973968042,1
0.2797034411102999,0.08486578673162903,1
-0.08004911042921302,0.3166946534594271,1
-0.7368844693265978,-0.631234680334425,0
-0.1939120234698752,-0.09656598820289806,1
0.09604671595001055,-1.011750418626529,0
0.15596210926907964,-0.2779334954282108,1
0.2736952655741569,-0.18944544162805674,1
-0.0739232592964769,-0.9663864746101729,0
0.2984033567248106,0.9906152668790824,0
0.6032217461717146,0.8524422049011313,0
-0.23247449433443967,0.2277065726857104,1
-0.1533683478630272,0.24577625276214665,1
0.1327833364518977,-0.3038610338808214,1
0.5052238465804747,-0.8801192135510619,0
-0.03749984355012132,0.275776991921881,1
-0.2625289616650838,0.18308332075491215,1
-0.28979873351472984,0.14550369949194122,1
0.9893031769576068,0.15531421638710347,0
-0.3154414067518175,1.0042050379125596,0
0.2685765837671198,-0.02838295754752583,1
1.0119031003512942,-0.06098147865261157,0
0.3926914283093114,0.9081456233806295,0
0.19643984407121082,0.20759294202778847,1
-0.18189802148942322,0.9860770604698562,0
-0.048687620653249324,0.2975918217765686,1
-0.25613596633335034,-0.14139031295082527,1
0.31277647667092734,-0.1053925825662132,1
0.8352397396667975,-0.6293940047078981,0
0.2560847903909042,0.09442399889097473,1
1.0271755359957966,0.3090093228807242,0
0.2648894389219105,-0.14529209807295232,1
-0.8069033899887501,-0.5926412832891327,0
-0.2852804963466216,0.05190228913439135,1
-0.23570068506822134,0.18285084913620833,1
-0.19150822352625624,-0.11465213629531523,1
-1.014816072023465,0.2294180646572948,0
0.3232186119328753,0.0994492849266099,1
0.3248129964474673,0.009443534064230999,1
0.30732522917186966,-0.027180661337259167,1
-0.21289215276083184,-0.21354532719357006,1
0.27471547596808904,-0.21126162500781517,1
0.7235839815889867,-0.6821172613729792,0
-0.21214370359656873,0.20677389850873018,1
0.04942891369600121,0.32444764911580193,1
-0.2974331000568898,-0.10454349060282875,1
-0.2209840217785891,0.9714760212904381,0
0.8124138416081572,0.5606707886241333,0
-0.36465233241717643,0.9847609222868631,0
0.2690827112807456,0.03107961850581751,1
0.25448454560190775,-0.14240868243890134,1
-1.0072989783013135,-0.0099096673441004,0
0.8359224851409064,-0.4895100677415752,0
0.49367354077617515,0.8324724525638058,0
-0.2289769588127978,-0.04018993538138418,1
0.04986100013099334,0.2840204191179817,1
0.4466030222617423,-0.9433791285685728,0
0.2380142463204957,-0.06667968221094683,1
1.0336909657159474,0.12476297429632942,0
-0.2716295973518515,0.04935612460780264,1
0.2614953885022163,-0.1415852741534608,1
-0.277445305407101,-0.2035922900838217,1
0.26487149824545075,0.031628040146263116,1
0.18301855041650128,0.1527230097386204,1
0.1264543801950012,-0.28503116935193235,1
0.2565709451803408,-0.08846807660703539,1
-0.2462293047479328,0.15039152569830172,1
0.22730464030577407,0.18291353416936118,1
-0.19376298543586018,0.2559222218128401,1
0.24358266219368702,0.21382504748869252,1
-0.20907659099406398,0.2524945257899367,1
0.24019318854946548,-0.11035536226591784,1
-0.21032850754270283,0.2325478246446699,1
0.18525260278742406,0.26090878653102373,1
-0.10666933899059741,0.3024659397862442,1
0.31395665440418064,0.09951878922779725,1
-0.07279147569426356,-0.3293941089210255,1
0.2903717241461807,0.11454826156695842,1
-0.2272296190307125,-0.2510091590950814,1
-0.2672343331192347,-0.23971611805293552,1
-0.20164770560857817,-0.23937422906498504,1
0.13635124465654527,-0.2699003162835192,1
0.9063183735064678,-0.4797855755476899,0
0.9720894997832696,-0.11618584772835072,0
-0.44326408314386245,-0.878866061058939,0
-0.2591162598963109,0.05840481180244727,1
0.18950193101563897,0.3133681655130588,1
-0.1912847583582667,0.22487431437768368,1
-0.21108295285636447,-0.17380609747029951,1
-0.6031511285084189,-0.8129654610380758,0
-0.8289398366808465,-0.563421868887842,0
0.8452322158858073,-0.5558886663154244,0
-0.6982147293460435,0.72929113150443,0
0.7134656248336756,-0.6281665207107145,0
-0.2824297911897867,0.06775376463008262,1
0.2919362017419363,-0.11306062189975005,1
0.303525342081807,-0.007583867105107231,1
0.6791653120568293,0.7769618658264489,0
0.6232789147017476,-0.7472122141451947,0
-0.2433895216335896,0.9459806596408945,0
0.666989640026438,-0.6847423110609132,0
0.5905926340143132,-0.7862462941523636,0
0.2748065621739277,-0.05655137171505301,1
-0.06664849617457794,0.2826330859885383,1
0.058128822634948125,0.25205085309194075,1
1.0164738813571055,0.2785766073574482,0
0.10253353155713507,-0.28574601886336015,1
0.09754425838085232,0.2711378604656053,1
0.26000539635648395,-0.9888808402316521,0
0.9477942706980087,-0.4283729783343166,0
-0.13122449412100465,0.2635017724481946,1
0.01420986073681069,-0.29245506991768383,1
-0.12872771729022742,-0.24098556401338594,1
0.2587165629064178,0.19217713365580488,1
-0.03928194960649691,0.9842538561883528,0
0.9894208889083764,0.3555733208523491,0
-0.23037547892656074,0.26140984684195445,1
0.9110382175889622,0.3704106167855925,0
0.0026976763754824173,-0.32680864425742073,1
0.08550413205888241,0.2737492226764254,1
0.4034359137412558,-0.8780530718192262,0
-0.618980822674548,0.7951294482249827,0
0.21873968010029693,0.19677277661495973,1
0.1227946507389817,0.2926475978558732,1
0.0022382273122230796,0.3096855895585336,1
0.12476187451713601,0.2136076464941758,1
-0.272830303898087,0.1896350641502877,1
0.3096937471726819,-0.020047844577095172,1
-0.24254349291755337,-0.1565714582958781,1
-0.10164338188754071,-0.27753612770318414,1
0.7068166927231019,0.6907479354491847,0
0.260462617523079,-0.18483618537902374,1
-0.37794136232946496,-0.881896287132152,0
0.015788078921500595,-0.3340908148422124,1
0.26432281021335785,-0.004243632734334675,1
-0.12283104281438015,0.26459343224190246,1
-0.021787175739398895,-0.2899735774444527,1
0.29218301387179424,-0.032673758880697755,1
0.26866078384264164,-0.9546723785093884,0
0.2349306389039006,0.15935119724757785,1
-0.11697571594774853,-0.3161942418048143,1
0.127689995510136,-0.28067810998285253,1
-0.2729585387171457,-0.041206067974424075,1
0.22558883029091373,-0.20793288639180577,1
-0.01635360265595237,-0.26932992339007417,1
0.12150003091036257,-0.22219699760315048,1
0.3269921007325545,-0.04477343168861321,1
0.3050090930669475,-0.11611736562925504,1
-0.3239815367794843,0.041503604329762724,1
0.3219645533442101,-0.10479149211720944,1
0.1528473759180416,-0.2591035829963722,1
-0.9810409583251971,-0.22728239005704332,0
0.08487497141844193,1.016759265716177,0
0.7923509131395182,0.6132173631801704,0
-0.7912583180656771,0.5690300816254703,0
-0.3222116806483267,-0.09302629661535865,1
-0.15912974521177822,-0.2558141750483992,1
-0.31781497648999746,-0.022410267245983218,1
0.06329761210539075,0.310978847147113,1
0.2484822537932069,0.21204931500626092,1
-0.07335123482134169,-0.28815994912728166,1
0.25655941549052275,0.023117930477561124,1
-0.2711563768748005,-0.17442636117008894,1
-0.27926437037473195,0.0693314058199432,1
-0.19535383317453014,0.2266381541974703,1
-0.2977296780852061,0.05589231466731463,1
0.8585256728675684,0.4999287815716387,0
-0.06358843426373677,0.9553842694425665,0
-0.8226819037486809,-0.5899732047558268,0
-0.2887779604287342,0.009548772282546775,1
0.17426238629847515,-0.2108582721006077,1
0.3099086945282433,0.03674562102930987,1
0.22054347266463448,0.9793928678087755,0
0.980526013320548,-0.178204178682247,0
-0.33396878045171097,-0.9290476053619523,0
0.6623272512110318,0.7353060594609491,0
-0.223645693533557,-0.9014781291401499,0
-0.9634528117589097,0.11486540010619185,0
0.3530202221728791,0.1265129772195935,1
0.4182336702340584,0.9410247757458868,0
0.25918366880748644,0.16846343957327836,1
-0.34777536757424093,0.9325301947210628,0
-0.01524698036644129,0.3647015190119308,1
0.6079732494520961,-0.8356948481870743,0
0.29874412524844574,0.06521177443414818,1
0.23040924629728532,0.17826309863768164,1
-0.20215295616175447,0.1558921278947655,1
-0.28295212937420394,-0.025969343232390113,1
-0.34490068510471883,-0.006475799464931382,1
0.6098815197645558,0.725183611946918,0
1.027407747163033,0.24036473305624179,0
-0.660472346532067,-0.7766616079526695,0
0.24942833291404376,0.12663300083470674,1
0.24244423973526347,0.16435492031783566,1
-0.01764385836486656,-0.2748085739197935,1
0.03976056488419775,-0.3128834801610474,1
0.273897061679425,0.16213566997754741,1
0.18731496417815643,-0.1889483333798719,1
-0.06609135637156434,-0.22443630187362426,1
-0.28144546405855403,0.07078862384057572,1
-0.33628694788769464,-0.009972835978990843,1
-0.08606311266594466,-1.0079958011070103,0
0.3471702806135713,-6.410939429346216e-05,1
0.5764806847498569,0.8184058024512865,0
-0.7484960110020671,-0.7273276495970026,0
0.9682293278782567,0.07922823731533107,0
-0.3134477874574476,0.04672427417672083,1
-0.30531845269466656,-0.01522968166614727,1
0.20242124352670204,0.160133558625364,1
0.3033458080892134,0.09612895278007894,1
-0.19284423676424417,-0.18987023914796614,1
-0.18519946651959474,0.24794089026345711,1
-0.1315245376354039,0.22781347280354422,1
-0.8992927377044504,-0.40786393797276016,0
0.7741411952129615,-0.6085429770285297,0
-0.1579625837187375,-0.9966811025533325,0
0.24092945647137395,-0.1351723145927699,1
0.16852229623954135,-0.20361569265880736,1
-0.25809574942384894,-0.10563473036632884,1
-0.049722094723674545,-0.2794825047021656,1
-0.9421691120875696,0.23406259364258347,0
0.9847598487670522,0.008867169681926673,0
-0.9709107319210852,0.2795067044658136,0
0.30216728042064955,-0.10952371840176386,1
0.19482691648035932,-0.18746948443883307,1
-0.5394557922749162,-0.8112124867681116,0
-0.0984001447749432,-1.017701983903245,0
0.24054878590487372,-0.20274575288222685,1
-0.04536794993751683,0.30990388873146146,1
0.30645789598870926,0.09213787125707928,1
0.20517223531583778,-0.2226797226005271,1
0.9846014570678713,-0.029278732825471308,0
-0.1710000829293804,-0.23238885935364006,1
-0.337069301830705,-0.165935411912929,1
-0.31222487932611215,-0.03129190712972403,1
-0.06411350006028085,0.3197121213116387,1
-0.16265115411139,0.23720811291414592,1
-0.2668360759743786,-0.14185149040358958,1
0.8555913440674121,0.47712329014385285,0
-0.3040670931042752,-0.963569734727803,0
0.11375149417538488,0.21709385467095177,1
0.003621006168085226,0.32373074754200915,1
-0.27364083703272457,-0.15314977979345815,1
-0.4033012804017144,-0.9327252212614304,0
-0.23152777834314983,-0.08732355976779409,1
-0.3286329083885775,-0.0357335966385338,1
-0.7950734076818805,-0.6291679830766714,0
-0.09510416896642773,-0.3275956110249621,1
-0.2340018489016148,0.2575894766855051,1
-0.054245599542581756,-0.3037540490917575,1
0.04072812234578916,-0.3482723662043058,1
-0.11339117176191682,-0.22595311502963328,1
0.03977929281763972,-0.31030822387842144,1
0.21988953550579776,0.26230220264371135,1
0.3587008418590788,0.012295468530142174,1
0.11957481063172137,-0.2538859548391994,1
-0.2715079091354311,0.09493412819779624,1
0.09505810935074284,0.2721124368739338,1
-0.2597029805132124,-0.13680253640586898,1
-0.30942228285638484,-0.07610145352991785,1
-0.06570804464657745,0.26367408347298993,1
-0.1444274825164247,0.22563102495404372,1
-0.07246350445541792,-0.2962289499340148,1
0.1756011314790994,-0.200462903380645,1
-0.25122373950783283,0.06549743219747377,1
-0.1408273799927261,0.26675489321858437,1
-0.9888559823720098,0.16814056584387116,0
0.12335706672320212,-0.27491292892269265,1
0.24364027932439783,-0.23672295189584677,1
0.312375742240417,-0.1328352343367074,1
0.14023751347128785,-0.29257489404552445,1
0.27638256421514157,0.034154393375812477,1
0.022672017530471385,-0.3031490840962975,1
0.9854904871758912,-0.01292901776353349,0
0.09884828202743848,-0.2736146434341161,1
-0.2904350686466702,0.6352680463417846,2
-0.968404878770772,0.11316315813372717,0
0.5797229025467567,-0.3791726260961192,2
-0.8116432101298103,0.5542760377872187,0
-0.40470864119724576,-0.6133996328354325,2
0.1562865006930383,-0.9738417435175094,0
0.0770204424424176,-0.6794361804879825,2
-0.518689340151846,-0.42581640941738785,2
-0.6689640429248794,0.15415581848032694,2
0.6777068447254445,-0.7471536741811885,0
-0.16543254055829634,0.7288510461954015,2
-0.705184282334869,-0.08811122058492318,2
0.5514248748169797,0.4527542036226574,2
0.7266993693152238,0.2039076091702589,2
-0.8174875761231151,0.5664840990969573,0
0.2694949165160713,-1.0495648140565847,0
0.3896269936744435,0.5992462285018129,2
-0.9517849323685643,-0.27611351414934726,0
-0.9354595052839583,0.34933680672086115,0
-0.4900470062659255,0.8676643347174068,0
-0.36959817867995814,0.5459915834294432,2
0.6972180368758283,0.035478291829939314,2
0.12243832360055695,-0.6790438243389524,2
-0.18425281726968057,-0.6450245180249169,2
0.635617812547442,0.3957971284745289,2
-0.022873199830756235,0.6931201075532899,2
-0.556345415179456,0.8060121948573069,0
0.2727516407949819,0.9423968320967548,0
0.35886245674518913,0.907577596867593,0
-0.9275324468001211,-0.04892155737455996,0
0.4070805128934966,0.930637571027046,0
0.02021575607254484,-0.6880823349708777,2
0.39154812548831536,0.844429336656185,0
-0.23398763351488988,0.5685803928760419,2
0.5568286456708167,0.8297690521016335,0
0.0944847176881511,-0.6701233336249248,2
-0.11290660563012586,0.6768315180034492,2
0.6158928365954536,-0.23702759908677512,2
-0.6200993968782667,-0.19065914415786123,2
-0.6222210107962322,0.3327007697868043,2
-0.7301867578943133,0.23947179648518718,2
-0.5648839748427471,-0.39322923159370377,2
-0.9525215552536141,-0.2974741355044185,0
-0.4544905839428877,0.5772515175453627,2
-0.5179434700629523,-0.45384070624126316,2
0.9825253087307356,-0.04349292867829882,0
0.31832817326227114,0.6967297790404082,2
0.12118381032880322,-0.7144928666464339,2
0.2667100643942962,-0.6585545458044281,2
-0.9957867662800095,0.06479877750521386,0
-0.11866211543407716,0.675779688741061,2
0.6863663931724796,-0.13367506960862957,2
0.3775758488762825,-0.6355099167873173,2
0.5959478537716556,-0.40352556698176334,2
-0.03455299293489014,0.9813919311504311,0
-1.0056808667851926,0.054313806250125066,0
0.9785656522339177,0.4132008485723928,0
0.7831483757961263,-0.5794157848470212,0
-0.545033496554271,-0.8593901572362995,0
-0.6995475995780842,-0.17783911015407203,2
-1.0299668444060681,-0.031331664996654476,0
0.21334358083148217,-0.7123633362604284,2
0.6753070580742373,0.09745448138477816,2
-0.04178397710974886,0.7132610596633431,2
0.6545674522025451,-0.28276283471975433,2
-0.27501698002450126,0.6498712581185031,2
0.4161168732161316,0.49974431542496495,2
-0.3969869348461352,0.9141371084312185,0
0.20086468926934584,-0.9479939236831423,0
-0.18167790796912978,-0.6893585151242511,2
-0.8967901642193171,-0.4451727967606284,0
-0.41194446825448194,0.9061180886253785,0
-0.18472580713162493,-0.961244110512696,0
0.26893094273687107,-0.9415387490175388,0
0.6174700682867629,-0.7990238398898287,0
0.9515585059386481,-0.2849812569237476,0
0.036872330853341975,-0.9927782125396312,0
0.05805407829170292,-0.7248553793125591,2
0.9363336815076669,-0.3519547786095817,0
-0.12205007261569648,0.6930973962253997,2
-0.5878515568619551,0.34190509883704373,2
-0.628601045899439,-0.231320580612004,2
-0.4444726761818194,0.5936086820943005,2
0.9946863406105101,-0.13500327139140827,0
0.18834715109855948,-0.6551015523211836,2
0.8118057050296555,0.6338425748489701,0
0.5428003709268114,0.8213314636683493,0
0.7047702068259937,0.14138345181251846,2
0.34244420309547846,0.5823155869403916,2
0.9461645356719848,-0.32182707299480773,0
-0.660511617416001,-0.2712149813222436,2
0.6037137021579674,0.3516667203111296,2
-0.08092152337154705,0.7217905902551937,2
0.0019371319707808046,0.6805778456132301,2
-0.3865065113784399,0.5929246210443834,2
-0.8431742590377078,0.4930026014881612,0
0.8768496699399508,-0.42942274832207894,0
-0.43018782944651457,0.5491681860400346,2
-0.22169410993508779,-0.6941181644900413,2
-0.517332646731444,0.451212495025972,2
-0.7115498917632788,-0.7858340459964889,0
-0.32361192872883576,-0.638666303752284,2
0.528781969539354,-0.3470013700805944,2
0.23676402964339074,-0.6681460441393307,2
0.3193594452295526,0.6264966809754126,2
-0.34260546120660695,-0.9326587946364574,0
-0.09358680364708294,-0.6476787684208107,2
-0.6701540542719056,-0.35205480381644394,2
-0.4305851925158551,0.531693832382333,2
-0.4986109153379811,0.885600156848997,0
-0.2908061894363429,0.6431863062044584,2
-0.6851424401320018,0.8243768095351488,0
-0.6795077569851233,0.06177528751659815,2
-0.709423824654942,-0.7052526975071733,0
-0.6283511078926616,-0.16956992427050716,2
-0.5952454655110314,0.3845587486334239,2
0.7485618060607664,0.7505056702488455,0
0.5682912166172756,-0.8436709163211766,0
0.9523198213435781,0.24470710943986138,0
-0.783032829847297,0.6293622434506109,0
0.678324176422686,-0.17412634182134704,2
-0.43255184950623204,-0.609736664891223,2
0.4653583663055131,0.49601776370822803,2
0.9672158569738741,-0.1290937577125363,0
0.15535178913459485,0.6574350151488458,2
-0.6035057442068695,0.27141840747769735,2
0.1797270637757366,0.9928135519228352,0
0.5172518436561979,-0.8314617636632805,0
-0.5564156710984526,0.3684836374888477,2
0.3305688350788389,-0.9829355688815697,0
-0.5334973408944832,-0.4991163423503545,2
0.9457263940376598,0.3029875688692609,0
0.6620231949028598,-0.10467498693640455,2
-0.4404977968945348,-0.5655689021421171,2
0.9954842048547822,-0.29354791700394955,0
0.7357750245770797,-0.059149439740716694,2
-0.5521960667246015,0.44443908396496523,2
-0.8663029459878253,0.4697479432100694,0
0.8929349969605112,-0.5206886837766459,0
-0.8622263476689399,0.43423995383511377,0
-0.5991902785435793,0.21391685681587816,2
0.43915815177530504,-0.5137004157968584,2
0.4436087944195678,0.5445551299846246,2
-0.9292586696051819,0.4027291342214513,0
0.6293449141904938,-0.3151309914226086,2
-0.6858915681950237,0.10633712677519275,2
0.1749486130218418,0.6709140763386545,2
-0.537073432478919,0.4784671472290146,2
0.48413467127647136,-0.48142381980590554,2
0.9297879163722031,-0.4616959101056157,0
-0.3332048924496302,0.6175450751403524,2
-0.41612594715127643,-0.5845394035476421,2
-0.003625531289758524,0.6792586924133611,2
-0.640398408952055,0.19612238056915052,2
-0.14573336260654193,-0.7144434408506932,2
0.6928608633401563,-0.24114143718056927,2
0.3516344126422915,-0.6131419382821875,2
-0.1353851406625731,0.950472901868249,0
0.46728496154542776,-0.8964157725916333,0
-0.9614946430628382,0.35497741831774987,0
-0.8596603536498789,-0.4603256356114163,0
0.6855381839573991,-0.7465154738508565,0
0.5371929214716585,-0.42873059801874336,2
-0.9149504118553271,-0.43801699359222857,0
-0.43206243574537756,-0.8898627675475289,0
-0.6192022901882356,-0.30144919409376825,2
-0.6200337655956675,0.3474828241849174,2
0.5524176636343356,0.3848643873398961,2
0.5520296229140162,0.8167953148361392,0
-0.6820837970238411,-0.12353127724245168,2
-0.2122121303986662,-0.9034019041111414,0
-0.919824049103648,0.5013479149132963,0
0.6750630806985369,0.08436057117552509,2
-0.7412017550335901,0.6696041926140632,0
-0.0026315222960858753,-0.694798701162684,2
0.12257906203501968,0.6672596042930578,2
-0.649759158552061,-0.18249074006790214,2
-0.2670011310775208,0.6076290335454136,2
-0.6270838666597137,0.25662909188896804,2
-0.9721495522587272,-0.2387288160282165,0
-0.5879042703914691,0.3860430007105875,2
0.19915304859375976,0.674852715728094,2
-0.05125040071366101,-0.6893605959240026,2
0.6152447557820805,0.3909774820397045,2
-0.17279206958119303,0.5909594207794813,2
-0.2693216303385374,-0.6757211899709151,2
-0.5246643049233557,-0.5191461488156773,2
-0.45187714098771,-0.88787958156518,0
-0.3571329166949043,-0.5750681558236562,2
0.0913296955338267,0.7320256415324592,2
0.28144057585156906,0.9943855519133891,0
-0.4361201214253473,-0.5762944978714579,2
0.3005322423620298,-0.7369859372972621,2
-0.19641455139112407,0.6640885792927753,2
-0.7808154562185049,-0.5961680247792361,0
0.04437563723963152,-0.6355085787026389,2
0.3612917985440049,0.5679906560199307,2
-0.6998192377652053,-0.7220287929982037,0
-0.3662945830086019,-0.5957186296601521,2
-0.6935628359093521,-0.18967030098047727,2
0.1762974159251277,0.6824966634456686,2
-0.6833975207191755,0.13060224714913674,2
-0.6637672132444051,-0.28605272782791874,2
-0.012803522204224673,-1.0149081426645932,0
-0.9526397493413844,-0.1585202333416705,0
-0.6620224533690267,0.2944340479992532,2
-0.3227658348409099,-0.6423819406293259,2
-0.30273946032926097,0.6098142872783049,2
-0.05911911702138603,-1.0043298308880506,0
-0.09202976176393637,-0.6762923568507375,2
0.11539684651473922,0.6909103686209617,2
-0.47924082500191606,0.5180394239004749,2
-0.6393271238699789,0.12664745011790393,2
-0.010881235112783313,0.7067968463001668,2
-0.8919384305645286,-0.37789233868357147,0
-0.41538484250371627,-0.518575652385241,2
-0.9267159313414686,0.4480581494503034,0
-0.28168575841902055,-0.6539360146805019,2
0.27086088783012197,-0.6145188031832527,2
0.08359799743464313,0.9688001665455054,0
0.24094349869483841,-0.6489511945652151,2
0.1438309826086942,-1.0305363951252238,0
0.3761537155843803,0.6051665641761489,2
0.6000295941779402,0.2802903212739092,2
0.6919849950238033,0.17036481808178416,2
0.6221642231321688,0.4307273248832419,2
-0.25240636651169424,0.9298796772622973,0
0.5664667555650073,-0.3355482214557121,2
0.6576870083480036,-0.2812037840914648,2
-0.5984494926091438,-0.3583918908283709,2
-0.06339476859115475,1.0297488807679949,0
-0.052092808284077245,0.9897052682466311,0
0.7506486615307003,0.6415074916921967,0
0.25856056871585054,0.6275964960460477,2
0.9603707079528646,-0.30914870361972696,0
0.6303889748118305,0.13457161889763325,2
0.19403467463033303,0.6594381348849098,2
0.3571571159850492,-0.616354718743443,2
0.6131167199696043,0.3895524935079827,2
0.11191247248038523,-0.706173854489328,2
1.0319500897237133,0.11341739959137231,0
0.9535442258249034,-0.49709056877896757,0
0.25377910262935244,0.6370576287696716,2
0.5970421987792603,0.42143017364252555,2
-0.10736454540959128,-0.6413324351773637,2
-0.30217609922544947,0.5912937446068315,2
0.6693033316724692,0.16833381920870935,2
-0.662812813285535,-0.24194643173292996,2
-1.0342932056316818,0.19662409174992398,0
-0.9966179135352626,-0.12234160900894789,0
-0.34936107030157215,-0.5114107360248897,2
-0.5351113139627365,0.41539322234875686,2
0.7825010299658266,0.6555539069489257,0
-0.015514664021918253,-0.6900204381740467,2
-0.22047205185393173,0.6731124823530863,2
0.48804597648829046,0.8580229092788658,0
-0.9621877717907642,-0.11954211525669149,0
-0.6676990506482319,-0.11103976618042938,2
-0.9211090771223025,0.2970512981669859,0
-0.6136207712790882,-0.36807759842149934,2
-0.1025689087985699,-0.6958697877825207,2
-0.9759227103721552,-0.11212623929355701,0
0.22153744444999648,-0.6988624963154747,2
-0.670595652503798,-0.14522861800446554,2
0.48331851379255997,-0.8129657879997427,0
0.05309152007182938,0.6952807369215426,2
-0.1217293613077986,0.6805973565615967,2
0.5362850505013546,0.8362974170913913,0
0.1361426569794743,-0.7281485266169432,2
0.43864189924456426,-0.9260349284809012,0
1.007143828728354,0.21378428180153888,0
-0.6111193607272692,0.3674277508693986,2
-0.7354809738356762,-0.034824673823910954,2
-0.5465840192045636,-0.4817440010044255,2
0.4754561427370396,0.5283504119767816,2
-0.6124812247180629,0.2380792850172037,2
0.36406424675246923,-0.6027149780821803,2
0.21883965622776108,0.6735653894054177,2
0.6266372199563713,0.30470098893603226,2
-0.7312902227561765,0.7038423129759274,0
0.5582142080368244,0.468499657457572,2
-0.416695228057896,0.933366060623831,0
0.4937365743122575,-0.5121253028713267,2
0.3467433930749246,0.92872590728421,0
0.6738751994417496,-0.006571441311036206,2
-0.8468271361832991,-0.482338977827536,0
0.6160547980285265,-0.32899891362014405,2
0.1269668725871344,0.966574029842997,0
0.10807658518293921,0.7547744569207939,2
0.41852135823020437,0.578762702899326,2
0.18759135915687725,0.9633195906980324,0
0.24523780161041103,0.6820588520870012,2
0.5823010561226267,-0.39364814142265886,2
0.47922265958175264,0.45189560827142605,2
-0.03158193841095688,0.7171268693461488,2
-0.03599001518734105,-0.7123388264966405,2
-0.7007873084324688,-0.10539164994379917,2
0.8287446708849951,0.5895916340392886,0
0.5321803618715752,-0.4463443604822039,2
-0.35865305777382306,-0.9335905261431551,0
-0.14435979298315033,0.7076785985429266,2
0.07027775623330659,1.0024641740076101,0
-0.7015129353392298,-0.6731530465719038,0
-0.6961696925711378,0.15508624954969535,2
-0.6807283196234142,-0.7414669066654699,0
0.9997251461455787,-0.1621308727918415,0
-0.7355142937294711,-0.7521025383448041,0
0.38639918850443383,0.5942714722445379,2
-0.1575874392710687,-0.6690196785044875,2
-0.22903148691787772,0.6465855069740836,2
0.4091336449589012,0.6084969219884006,2
-0.6728947885894494,0.33190129030084564,2
-0.4162775340971999,-0.51370476663773,2
0.16631886504877874,-0.6699223376688481,2
0.23262791998053706,1.001469780276227,0
-0.39770055943492727,-0.5308864880250946,2
0.4430667956745795,0.5803696661357197,2
-0.47447734982485446,-0.9061478530200316,0
-0.22775776285734756,0.6894281107858262,2
-0.5957011140399378,-0.3370952066757831,2
-0.22736629038307127,0.6471027610097395,2
-0.7199901361455229,-0.04426517272064481,2
0.8048484088990872,0.5526428183918866,0
-0.5737849765707204,0.4013842841936539,2
0.40302532955050696,-0.5710596792955139,2
-0.26517111186980596,-0.6055752231938996,2
0.9103361075534347,0.4766370127342835,0
-0.3520550942715974,-0.6317039196111509,2
0.5304805378497937,0.5203416819309304,2
0.7641374514796063,-0.01825734682318953,2
0.034935016911442025,-0.6760777126875681,2
-0.5724228443825059,0.7852158775113091,0
-0.6914336708983942,-0.24670543225654226,2
0.3995693818819405,-0.5812582290356135,2
-0.5215881771177314,-0.4163497649144513,2
0.7548841342909611,-0.6182104207869628,0
-0.23937600026450617,-0.6707700019737147,2
-0.34488262878536524,0.6340110808889826,2
0.763762479176805,-0.7155713843674615,0
-0.2731728596252132,-0.7067434252349447,2
0.19159654608855484,0.7139994351026003,2
-0.16392207777038967,0.7409707843554686,2
0.6290607187204565,-0.23876291925528437,2
-0.5433650434956179,0.501011933519239,2
0.16594191983547513,-1.0204852695788813,0
0.6544601030722313,-0.17350646228946068,2
-0.42304962732364576,-0.5548681712917962,2
-0.10474769491172192,1.0320603776894086,0
-0.6297179495759787,0.3878584784159301,2
-0.22226713563754186,0.9470476397345171,0
-0.5982281089344246,0.35349881297391594,2
0.3922984848011756,-0.5643325542107249,2
0.6431826071401687,-0.19994280268670805,2
0.9285242769119421,0.3493019694211195,0
0.4528312603956377,-0.4761962269582735,2
-0.5712723164183586,-0.41542317410079577,2
0.6473982691611473,-0.259177264248089,2
-0.1637123985970066,-0.6195159891457717,2
-0.4565335875116276,0.5094414596668618,2
-1.0080183605813786,-0.27706532482164714,0
-0.20072796146921493,-0.6735525571512051,2
0.7571040681341497,0.635843549052004,0
-0.25164688702314064,-1.0045697378444245,0
0.8408097773234195,-0.5659049003582861,0
0.5314539167980683,-0.4906958492949821,2
-0.8151951121768007,0.4614370994168014,0
0.4248002565813333,0.5846963551905053,2
0.6719985812799159,0.20829552379384744,2
-0.21383505335910402,-0.6426348539093204,2
-0.6826119909500434,0.01333255498932756,2
-0.5742958717674745,0.4003063142846684,2
-0.5634588697582189,0.4492981934023864,2
0.9359928481470017,-0.2804030474667302,0
-0.7183012821186455,-0.044085101826333364,2
0.6749415760375564,-0.04376364870570891,2
0.3593078001282489,-0.9304205467600493,0
0.7464002862352532,0.03224882822553563,2
-0.5306809422988833,0.8856403798729975,0
-1.0140521453239366,0.22726383059103542,0
-0.7404622088395693,0.6488221762526442,0
0.7243125573118734,-0.13287197589260288,2
-0.5044513439820726,-0.8888004572220821,0
-0.7216078321839883,0.03730163562086229,2
0.024769342923192376,-0.984520312808786,0
0.3917678230910939,-0.5904151748381419,2
-0.06650178023682961,-0.6989963643916804,2
-0.639844432871609,0.823485378116767,0
0.12373714874611663,0.7275326324238575,2
0.470218165307523,0.4880025265893395,2
0.627785612514262,0.11047199531024317,2
0.11782499691354022,0.6918948189723244,2
-0.9444019886054533,-0.35501512365741106,0
0.7039471285944965,-0.10262521340684437,2
0.6550280135417627,0.25598176506141246,2
-0.05287634139245943,0.7083757642040746,2
0.15456531657602848,0.9609590223947073,0
-0.32476696362152097,-0.5888483994742736,2
-0.5427248719973776,0.4535304861291296,2
-0.614315207189044,0.7851632735040004,0
-0.2798628177386993,-0.6877656308274331,2
-0.6940214093075251,-0.14851508798654503,2
0.6638736717667102,0.2916496997117067,2
0.021736998026520217,0.7162962794737758,2
-0.9762381592208784,-0.33842910997686504,0
0.09897708126563498,0.7200228772311408,2
-0.4520582129130074,0.4997740284453013,2
0.6517015335221927,0.32758221501360013,2
0.19947315910941163,-0.6497508895814289,2
0.5863759139722678,-0.3683944063208605,2
-0.21539742505944226,-0.6287659427859174,2
-0.2347580184349819,0.5956170743950229,2
0.2738520438838273,0.6414789684851153,2
0.14926753081055852,0.7009881053074036,2
0.8130166458240975,0.5156473067204539,0
0.20628130123213337,0.618417624438965,2
-0.5698784072524513,-0.821618248605185,0
0.49709877175877,-0.4360567608537194,2
0.2899146132382867,0.6167569484580175,2
0.4781189870592283,0.5101560963098661,2
0.4870528293071537,-0.5505849412272275,2
-1.0274187414969955,-0.1034136109453093,0
0.2142838018590383,0.6718324112507557,2
-0.66891438847319,-0.22649069473925396,2
0.6341897495426948,-0.2732542098981207,2
1.0067430590541928,-0.2648339261012518,0
-0.662867407974187,0.1810107283728105,2
0.46262329004836145,0.5224449856242162,2
-0.5183151483237743,-0.4599088456175822,2
0.6848491149314712,0.10579557481018269,2
-0.4485623284561594,0.5187423225392145,2
-0.7811556134662724,0.656099291359555,0
-0.5369170615563604,-0.44961048733459563,2
-0.4779350419054242,-0.6060994161773318,2
0.26782950802090144,-0.6839043814728223,2
-0.6349043578159463,0.8035417468342286,0
0.3577216733397898,-0.9153167344937809,0
0.9892913066641996,0.0912497361063857,0
0.6807221979606783,0.10008147597812672,2
0.32017377164896504,0.5790125425209989,2
-0.6899676140155279,-0.19009930336444256,2
-0.4329997482095039,0.4844893381737794,2
0.5067705659756762,-0.4709038624356158,2
-0.5928210269477164,-0.4177507592812281,2
-0.872701433606142,-0.5310804898479734,0
-0.6203976149195671,0.24722145232735768,2
0.9130622018270765,0.49987766399523,0
0.40496955764098763,0.576381425282712,2
-0.47649463530041763,-0.525550585653663,2
0.7264712528864986,0.06567891859613784,2
-0.6911956027341587,0.08772959656309881,2
0.5720667575329094,0.3490320193113356,2
0.5278245833267764,0.4466887736506511,2
0.07455807706328793,0.6711566781149815,2
0.6344120685637986,0.3388359132162131,2
0.06735942203925989,-1.0163006319557581,0
-0.6465079276904997,-0.28764463615659946,2
0.6043928651870011,-0.3788737092581516,2
0.20998083209385937,-0.9816978446102236,0
-0.9076812600775115,-0.4288694920154729,0
-0.4826357037325296,0.9081572453312404,0
-0.9806322467983825,0.06980671056784968,0
0.08180776454590927,-0.709989516063053,2
-0.944768494943647,0.34939819173569203,0
-0.47944252810924637,0.8769986072936069,0
-0.6446083216503458,-0.030236090575692737,2
0.5563457770800269,-0.4014657524915594,2
-0.2442262844874063,-0.9187458034820801,0
-0.38930274989571095,-0.5446248304976774,2
0.5892103961700794,-0.2538186262931361,2
-0.7723072317119826,0.6387186344910406,0
-0.6691407165808836,-0.08833920830090841,2
-0.31891070276200517,0.9317226543911151,0
0.9706294106731842,0.1472735900912323,0
0.3902985698860323,-0.5874021377237258,2
0.5331446197544392,-0.44094733840321804,2
0.7143024631262489,0.21866873472767084,2
0.6534350180929447,0.22743053821692932,2
-0.18438571294517175,0.7028473089927366,2
-0.7368844693265978,-0.631234680334425,0
-0.5536741240964236,-0.2714122948632713,2
0.09604671595001055,-1.011750418626529,0
0.3574113899233839,-0.6235028623053448,2
0.5687005125174264,-0.45957856487646653,2
-0.0739232592964769,-0.9663864746101729,0
0.2984033567248106,0.9906152668790824,0
0.6032217461717146,0.8524422049011313,0
-0.5531012882827904,0.4668685659087179,2
-0.35914416137562977,0.5887869152396076,2
0.30762964311227087,-0.6636231345073698,2
0.5052238465804747,-0.8801192135510619,0
-0.0374998435501213,0.675776991921881,2
-0.6200655313255893,0.3624366071909251,2
-0.6617093278700305,0.2927535205658123,2
0.9893031769576068,0.15531421638710347,0
-0.3154414067518175,1.0042050379125596,0
0.6614914840585953,-0.10333548338181571,2
1.0119031003512942,-0.06098147865261157,0
0.3926914283093114,0.9081456233806295,0
0.514036003530345,0.4507650611056306,2
-0.18189802148942322,0.9860770604698562,0
-0.10877785630155218,0.6930525196717342,2
-0.5545124245030232,-0.40779505992452597,2
0.6747072976573352,-0.2757042991922421,2
0.8352397396667975,-0.6293940047078981,0
0.6158468910174526,0.2692703055513479,2
1.0271755359957966,0.3090093228807242,0
0.6201440184473284,-0.3291240423215474,2
-0.8069033899887501,-0.5926412832891327,0
-0.6781953966380971,0.12685481496868117,2
-0.5909552645936391,0.3666827933848035,2
-0.5265194395431129,-0.3332098749890228,2
-1.014816072023465,0.2294180646572948,0
0.6932494946666585,0.2513609231353303,2
0.7245287855037029,0.024519607132204815,2
0.7035097994505302,-0.08229677761111424,2
-0.4939521406803715,-0.49815959807728416,2
0.5628390859232518,-0.48872294733293703,2
0.7235839815889867,-0.6821172613729792,0
-0.4472578045135579,0.5303806962587091,2
0.07955963590717431,0.7233112092200475,2
-0.6762724220547874,-0.23292093452571253,2
-0.2209840217785891,0.9714760212904381,0
0.8124138416081572,0.5606707886241333,0
-0.36465233241717643,0.9847609222868631,0
0.6685774939231526,0.010981891233909774,2
0.607401036175889,-0.3306902553050343,2
-1.0072989783013135,-0.0099096673441004,0
0.8359224851409064,-0.4895100677415752,0
0.49367354077617515,0.8324724525638058,0
-0.6209189797664965,-0.12007392758714706,2
0.05488741608433435,0.6839888367995082,2
0.4466030222617423,-0.9433791285685728,0
0.62282531495493,-0.1758604564178769,2
1.0336909657159474,0.12476297429632942,0
-0.6700830410091204,0.08449660322809989,2
0.6095688903700266,-0.3386762107727775,2
-0.5824223098116801,-0.46241467471159936,2
0.6623160224534541,0.07677059409565577,2
0.5511112893628494,0.30927247647350137,2
0.3235453168143177,-0.6331046712197426,2
0.6452236383462104,-0.1830676754165251,2
-0.5839604749487387,0.3647222436899004,2
0.48227423620524995,0.4911188312796768,2
-0.46389610868427,0.5509274687561097,2
0.5701183624805606,0.4448541288575995,2
-0.486537913319186,0.5406181357450994,2
0.5451701929540446,-0.36917774689369554,2
-0.49494277842641693,0.5136078125642095,2
0.4203667037044132,0.5845155842810026,2
-0.24452650826040423,0.6779594828477937,2
0.7068715546956561,0.17447131506208707,2
-0.12790759196811863,-0.725578679199686,2
0.6658652672077302,0.25240543083676525,2
-0.47437346426684607,-0.5655245319497291,2
-0.5817497059738822,-0.48685996328906933,2
-0.46805245258227884,-0.5377506872346578,2
0.35490898335025295,-0.6049115323003758,2
0.9063183735064678,-0.4797855755476899,0
0.9720894997832696,-0.11618584772835072,0
-0.44326408314386245,-0.878866061058939,0
-0.6589899356096308,0.04835277362511224,2
0.39527774452824155,0.6563788279905197,2
-0.43044675158127427,0.5455011083260343,2
-0.5591564547241747,-0.37089703408961616,2
-0.6031511285084189,-0.8129654610380758,0
-0.8289398366808465,-0.563421868887842,0
0.8452322158858073,-0.5558886663154244,0
-0.6982147293460435,0.72929113150443,0
0.7134656248336756,-0.6281665207107145,0
-0.6596260055469325,0.20088158243927723,2
0.683878222695635,-0.19294461410551292,2
0.7027360334531155,-0.032700074916832536,2
0.6791653120568293,0.7769618658264489,0
0.6232789147017476,-0.7472122141451947,0
-0.2433895216335896,0.9459806596408945,0
0.666989640026438,-0.6847423110609132,0
0.5905926340143132,-0.7862462941523636,0
0.6727869689664477,-0.09669605765553904,2
-0.16124809498406778,0.6712857791544079,2
0.0982735085754341,0.6500312598844609,2
1.0164738813571055,0.2785766073574482,0
0.17748605739142514,-0.6786609191548355,2
0.25409372511573325,0.6392305994119534,2
0.26000539635648395,-0.9888808402316521,0
0.9477942706980087,-0.4283729783343166,0
-0.3455552121126032,0.6012329426490007,2
0.024261898914145694,-0.6923287456310038,2
-0.2990394339162566,-0.6029163849997936,2
0.5909549225847428,0.41492738025108,2
-0.03928194960649691,0.9842538561883528,0
0.9894208889083764,0.3555733208523491,0
-0.5041943212980362,0.552997297810519,2
0.9110382175889622,0.3704106167855925,0
-0.007354361801852378,-0.7266823199707407,2
0.21863194986807707,0.6509454370335712,2
0.4034359137412558,-0.8780530718192262,0
-0.618980822674548,0.7951294482249827,0
0.5204402323947384,0.4594070789161423,2
0.28854488313629534,0.6566899861298715,2
-0.02287798049950228,0.7088962809298421,2
0.27667351272585644,0.583638529227959,2
-0.6465618808807317,0.332199815635588,2
0.7043681248558291,-0.08510271065504854,2
-0.563170286865904,-0.39573345151888556,2
-0.23477119969673516,-0.6547323420603299,2
0.7068166927231019,0.6907479354491847,0
0.592700977201404,-0.4075864319742989,2
-0.37794136232946496,-0.881896287132152,0
0.10059092289032238,-0.7249980642694898,2
0.6640385992695935,-0.01931970580230836,2
-0.2839936170998452,0.6306899012902695,2
-0.00671110267142503,-0.6896893665006882,2
0.6906364575290632,-0.06781423750099506,2
0.26866078384264164,-0.9546723785093884,0
0.5805000057810348,0.36080047790188213,2
-0.31842499660205287,-0.6617636086819484,2
0.27025474699543633,-0.6544096869654973,2
-0.6698044192429369,-0.09133936140014579,2
0.510203101174628,-0.48899287431134536,2
0.04373663299235053,-0.6647906212852398,2
0.3142015005510489,-0.5727196696206958,2
0.7168028498471853,-0.13448173606836547,2
0.6805026361284972,-0.25397453489906174,2
-0.7201661070581449,0.09661972060361793,2
0.7093978177956625,-0.20426744698315122,2
0.3140099502035066,-0.6252000520447393,2
-0.9810409583251971,-0.22728239005704332,0
0.08487497141844193,1.016759265716177,0
0.7923509131395182,0.6132173631801704,0
-0.7912583180656771,0.5690300816254703,0
-0.6922425633821099,-0.24493793482407908,2
-0.33848303164779103,-0.6133507447089047,2
-0.7052482409414499,-0.12188622211192521,2
0.12338784775369357,0.7064395450422786,2
0.5434875007364764,0.4821824382546707,2
-0.17768783733730037,-0.6743126046605912,2
0.6564330912038427,0.03316996865489612,2
-0.6115541695926772,-0.38449621315460725,2
-0.6679170635406015,0.16393100462943305,2
-0.49035908011779966,0.4967712774458801,2
-0.6796754959838632,0.17470894729812858,2
0.8585256728675684,0.4999287815716387,0
-0.06358843426373677,0.9553842694425665,0
-0.8226819037486809,-0.5899732047558268,0
-0.6796852098560117,0.09435161625136868,2
0.4292319821979511,-0.5190635692109232,2
0.7083621381855122,0.07188609964960714,2
0.22054347266463448,0.9793928678087755,0
0.980526013320548,-0.178204178682247,0
-0.33396878045171097,-0.9290476053619523,0
0.6623272512110318,0.7353060594609491,0
-0.223645693533557,-0.9014781291401499,0
-0.9634528117589097,0.11486540010619185,0
0.7334428286909405,0.25011977496957244,2
0.4182336702340584,0.9410247757458868,0
0.5827904665574654,0.4035775404902676,2
-0.34777536757424093,0.9325301947210628,0
0.019893498253855946,0.7631549626691997,2
0.6079732494520961,-0.8356948481870743,0
0.6896513746757231,0.15001461840297,2
0.518532856252448,0.4557244209628037,2
-0.5071299605663336,0.41471451252254316,2
-0.6826679184304395,-0.041045416300364006,2
-0.7441113764760273,0.01864040834679387,2
0.6098815197645558,0.725183611946918,0
1.027407747163033,0.24036473305624179,0
-0.660472346532067,-0.7766616079526695,0
0.6113591539004516,0.2969447174607358,2
0.5801754099360694,0.3786856383094343,2
-0.06278641231425933,-0.6722530981277969,2
0.03976056488419767,-0.7128834801610474,2
0.6510932760365709,0.29526348778674205,2
0.44994926647933914,-0.4906488856743132,2
-0.17527213057849436,-0.6092473705080585,2
-0.6733874850122528,0.15067261604633853,2
-0.7357817305301017,0.010124891292917021,2
-0.08606311266594466,-1.0079958011070103,0
0.7460338407178169,-0.030194831605466547,2
0.5764806847498569,0.8184058024512865,0
-0.7484960110020671,-0.7273276495970026,0
0.9682293278782567,0.07922823731533107,0
-0.7114281942499676,0.006579588236234765,2
-0.7050342417509021,-0.0001536085981734582,2
0.5007977016963748,0.4265383055990647,2
0.6562622986631947,0.28441052564621194,2
-0.48443168773280876,-0.46368908151944166,2
-0.3734810393857278,0.6008573808374384,2
-0.3500822763291115,0.5628246888204009,2
-0.8992927377044504,-0.40786393797276016,0
0.7741411952129615,-0.6085429770285297,0
-0.1579625837187375,-0.9966811025533325,0
0.5786606266721801,-0.34950303258436843,2
0.39127254283481666,-0.5358540523371323,2
-0.6542803197025094,-0.16075084664018413,2
-0.11973131831378492,-0.6733082385138478,2
-0.9421691120875696,0.23406259364258347,0
0.9847598487670522,0.008867169681926673,0
-0.9709107319210852,0.2795067044658136,0
0.6682637494690166,-0.27068629268722905,2
0.4722882388054813,-0.4755930943939957,2
-0.5394557922749162,-0.8112124867681116,0
-0.0984001447749432,-1.017701983903245,0
0.4837209049827158,-0.520341912341361,2
-0.030291876869543044,0.7096196777876971,2
0.6884037138873664,0.21095450388789325,2
0.5401834513326944,-0.44123746129423463,2
0.9846014570678713,-0.029278732825471308,0
-0.4411332061777901,-0.5273941062969096,2
-0.6875919738482503,-0.3586368815536151,2
-0.7122248793261121,-0.03129190712972398,2
-0.10425818600076685,0.7176925281041587,2
-0.30990097518526116,0.6091187072694465,2
-0.5549596859295413,-0.41931281272871157,2
0.8555913440674121,0.47712329014385285,0
-0.3040670931042752,-0.963569734727803,0
0.306452963816071,0.5676165266884972,2
-0.016476721103822648,0.7232255301844162,2
-0.6113720072335306,-0.3674804977850568,2
-0.4033012804017144,-0.9327252212614304,0
-0.6201804715090193,-0.18192315857728397,2
-0.7270863520458464,-0.07087407525883113,2
-0.7950734076818805,-0.6291679830766714,0
-0.130244647586725,-0.726049054682231,2
-0.41783379315020985,0.6128440562109229,2
-0.1341295917483446,-0.6956960700454562,2
0.0256520492778155,-0.7479881552605415,2
-0.32346102374643493,-0.5663509077475101,2
0.11966328502340243,-0.7022502448321202,2
0.4900226587542076,0.557307449586981,2
0.7566812486515988,0.05244015447062813,2
0.29892809706773427,-0.6114225244997049,2
-0.6503472311333288,0.22331157212067995,2
0.27889005359933794,0.6273670163993517,2
-0.6149575600386302,-0.3206344806544641,2
-0.7089170654987919,-0.0961991808018256,2
-0.17971574963456788,0.6470827990799403,2
-0.37133506216712736,0.5550440640054146,2
-0.1719394593213597,-0.6836622143854673,2
0.34591284810512846,-0.5623937243670528,2
-0.6386570039592853,0.16497338706341572,2
-0.36357762658800136,0.5989932528969094,2
-0.9888559823720098,0.16814056584387116,0
0.246963864473181,-0.6553355354407541,2
0.5024626639521756,-0.5416999563004257,2
0.6721378428669654,-0.3076815409970804,2
0.30598774586860145,-0.6566172823195227,2
0.6752461243193871,0.06428511558698556,2
0.11238032191022382,-0.6929598332109284,2
0.9854904871758912,-0.01292901776353349,0
0.2871298548935716,-0.6265311340080972,2
